{"cameraMode":{"drawMode":0,"name":"Shaded","section":"Shading Mode"},"sceneLighting":true,"audioPlay":false,"sceneViewState":{"showFog":true,"showMaterialUpdate":false,"showSkybox":true,"showFlares":true,"showImageEffects":true,"showParticleSystems":true},"in2DMode":false,"pivot":{"x":0.6614751219749451,"y":0.6991088390350342,"z":-8.048836708068848},"rotation":{"x":0.12417878210544586,"y":1.9014461116739768e-8,"z":1.0831802654820422e-7,"w":0.9922610521316528},"size":2.612682580947876,"orthographic":false}